{"app":["/app-be268288010a2c8c19ca.js"],"component---src-pages-404-js":["/component---src-pages-404-js-17742d3fe5504acde3d0.js"],"component---src-pages-contacts-js":["/component---src-pages-contacts-js-0a881be59da1dd9575f4.js"],"component---src-pages-index-js":["/component---src-pages-index-js-3cd180047b67fb1a513c.js"],"component---src-pages-parts-js":["/component---src-pages-parts-js-5b658335cf3919ba7252.js"],"component---src-pages-services-js":["/component---src-pages-services-js-e533e305d24668bdcde3.js"]}