{"errors":[],"warnings":[],"namedChunkGroups":{"app":{"chunks":[8,0,1],"assets":["webpack-runtime-6bb7c3f294db238063aa.js","webpack-runtime-6bb7c3f294db238063aa.js.map","commons.300937a1822fe14e1120.css","commons-35f34f5ac270aed12bc1.js","commons-35f34f5ac270aed12bc1.js.map","app-be268288010a2c8c19ca.js","app-be268288010a2c8c19ca.js.map"],"children":{},"childAssets":{}},"component---src-pages-404-js":{"chunks":[0,2],"assets":["commons.300937a1822fe14e1120.css","commons-35f34f5ac270aed12bc1.js","commons-35f34f5ac270aed12bc1.js.map","component---src-pages-404-js-17742d3fe5504acde3d0.js","component---src-pages-404-js-17742d3fe5504acde3d0.js.map"],"children":{},"childAssets":{}},"component---src-pages-contacts-js":{"chunks":[0,3],"assets":["commons.300937a1822fe14e1120.css","commons-35f34f5ac270aed12bc1.js","commons-35f34f5ac270aed12bc1.js.map","component---src-pages-contacts-js-0a881be59da1dd9575f4.js","component---src-pages-contacts-js-0a881be59da1dd9575f4.js.map"],"children":{},"childAssets":{}},"component---src-pages-index-js":{"chunks":[0,7,4],"assets":["commons.300937a1822fe14e1120.css","commons-35f34f5ac270aed12bc1.js","commons-35f34f5ac270aed12bc1.js.map","styles.d175e305fcf48be3dd75.css","styles-092521d875efcba44da9.js","styles-092521d875efcba44da9.js.map","component---src-pages-index-js-3cd180047b67fb1a513c.js","component---src-pages-index-js-3cd180047b67fb1a513c.js.map"],"children":{},"childAssets":{}},"component---src-pages-parts-js":{"chunks":[0,5],"assets":["commons.300937a1822fe14e1120.css","commons-35f34f5ac270aed12bc1.js","commons-35f34f5ac270aed12bc1.js.map","component---src-pages-parts-js-5b658335cf3919ba7252.js","component---src-pages-parts-js-5b658335cf3919ba7252.js.map"],"children":{},"childAssets":{}},"component---src-pages-services-js":{"chunks":[0,6],"assets":["commons.300937a1822fe14e1120.css","commons-35f34f5ac270aed12bc1.js","commons-35f34f5ac270aed12bc1.js.map","component---src-pages-services-js-e533e305d24668bdcde3.js","component---src-pages-services-js-e533e305d24668bdcde3.js.map"],"children":{},"childAssets":{}}},"assetsByChunkName":{"app":["webpack-runtime-6bb7c3f294db238063aa.js","commons.300937a1822fe14e1120.css","commons-35f34f5ac270aed12bc1.js","app-be268288010a2c8c19ca.js"],"component---src-pages-404-js":["commons.300937a1822fe14e1120.css","commons-35f34f5ac270aed12bc1.js","component---src-pages-404-js-17742d3fe5504acde3d0.js"],"component---src-pages-contacts-js":["commons.300937a1822fe14e1120.css","commons-35f34f5ac270aed12bc1.js","component---src-pages-contacts-js-0a881be59da1dd9575f4.js"],"component---src-pages-index-js":["commons.300937a1822fe14e1120.css","commons-35f34f5ac270aed12bc1.js","styles.d175e305fcf48be3dd75.css","styles-092521d875efcba44da9.js","component---src-pages-index-js-3cd180047b67fb1a513c.js"],"component---src-pages-parts-js":["commons.300937a1822fe14e1120.css","commons-35f34f5ac270aed12bc1.js","component---src-pages-parts-js-5b658335cf3919ba7252.js"],"component---src-pages-services-js":["commons.300937a1822fe14e1120.css","commons-35f34f5ac270aed12bc1.js","component---src-pages-services-js-e533e305d24668bdcde3.js"]}}